qm,qm11
2.62164E+11,2.62
2.78116E+11,2.78
2.83792E+11,2.84
2.94303E+11,2.94
3.67805E+11,3.68
2.31763E+11,2.32
,
