,hidrogeno,vapor agua,epsilon algorithm
0,437.598,443.9955803651957,0.015
1,498.078,499.7890167725053,0.005
2,543.1899999999999,499.7890167725053,0.09000000000000001
3,611.944,669.9129610932669,0.09000000000000001
4,667.188,669.9129610932669,0.005
