,hidrogeno,vapor agua,epsilon algorithm
0,443.9955803651957,437.598,0.015
1,499.7890167725053,498.078,0.005
2,499.7890167725053,543.1899999999999,0.09000000000000001
3,669.9129610932669,611.944,0.09000000000000001
4,669.9129610932669,667.188,0.005
