color,D,lambda m
violeta,22,3.76014E-07
verde,27.75,4.67313E-07
naranja,29.75,4.98078E-07
roja,37,6.04866E-07

