color,D,lambda m
violeta, 25.85,4.37598E-07
celeste, 29.75,	4.98078E-07
verde, 32.75,	5.4319E-07
roja ten, 37.5,	6.11944E-07
roja main, 41.5,	6.67188E-07
